"Path","SizeKB"
"Flink/00-FLINK-TECH-STACK-DEPENDENCY.md","18.98"
"Flink/00-INDEX.md","17.56"
"Flink/00-meta/00-INDEX.md","56.37"
"Flink/00-meta/00-QUICK-START.md","28.63"
"Flink/00-meta/version-tracking.md","7.3"
"Flink/00-meta/version-tracking/feature-impact-template.md","6.93"
"Flink/00-meta/version-tracking/flink-26-27-roadmap.md","10.06"
"Flink/00-meta/version-tracking/flink-26-27-status-report.md","4.15"
"Flink/00-meta/version-tracking/README.md","10.38"
"Flink/01-concepts/datastream-v2-semantics.md","23.76"
"Flink/01-concepts/deployment-architectures.md","21.15"
"Flink/01-concepts/disaggregated-state-analysis.md","21.09"
"Flink/01-concepts/flink-1.x-vs-2.0-comparison.md","22.98"
"Flink/01-concepts/flink-architecture-evolution-1x-to-2x.md","14.45"
"Flink/01-concepts/flink-system-architecture-deep-dive.md","41.46"
"Flink/02-core/adaptive-execution-engine-v2.md","53.66"
"Flink/02-core/async-execution-model.md","39.52"
"Flink/02-core/backpressure-and-flow-control.md","39.31"
"Flink/02-core/checkpoint-mechanism-deep-dive.md","57.2"
"Flink/02-core/delta-join.md","21.26"
"Flink/02-core/delta-join-production-guide.md","48.58"
"Flink/02-core/exactly-once-end-to-end.md","43.04"
"Flink/02-core/exactly-once-semantics-deep-dive.md","49.91"
"Flink/02-core/flink-2.0-async-execution-model.md","59.18"
"Flink/02-core/flink-2.0-forst-state-backend.md","42.96"
"Flink/02-core/flink-2.2-frontier-features.md","55.54"
"Flink/02-core/flink-state-management-complete-guide.md","55.15"
"Flink/02-core/flink-state-ttl-best-practices.md","30.75"
"Flink/02-core/forst-state-backend.md","40.6"
"Flink/02-core/multi-way-join-optimization.md","34.33"
"Flink/02-core/network-stack-evolution.md","18.87"
"Flink/02-core/smart-checkpointing-strategies.md","75.17"
"Flink/02-core/state-backend-evolution-analysis.md","19.39"
"Flink/02-core/state-backends-deep-comparison.md","46.85"
"Flink/02-core/streaming-etl-best-practices.md","84.64"
"Flink/02-core/time-semantics-and-watermark.md","50.9"
"Flink/03-api/03.02-table-sql-api/ansi-sql-2023-compliance-guide.md","35.31"
"Flink/03-api/03.02-table-sql-api/built-in-functions-complete-list.md","38.49"
"Flink/03-api/03.02-table-sql-api/data-types-complete-reference.md","24.94"
"Flink/03-api/03.02-table-sql-api/flink-cep-complete-guide.md","43.24"
"Flink/03-api/03.02-table-sql-api/flink-materialized-table-deep-dive.md","23.21"
"Flink/03-api/03.02-table-sql-api/flink-process-table-functions.md","30.71"
"Flink/03-api/03.02-table-sql-api/flink-python-udf.md","23.43"
"Flink/03-api/03.02-table-sql-api/flink-sql-calcite-optimizer-deep-dive.md","84.74"
"Flink/03-api/03.02-table-sql-api/flink-sql-hints-optimization.md","17.25"
"Flink/03-api/03.02-table-sql-api/flink-sql-window-functions-deep-dive.md","31.05"
"Flink/03-api/03.02-table-sql-api/flink-table-sql-complete-guide.md","60.68"
"Flink/03-api/03.02-table-sql-api/flink-vector-search-rag.md","38.41"
"Flink/03-api/03.02-table-sql-api/materialized-tables.md","34.57"
"Flink/03-api/03.02-table-sql-api/model-ddl-and-ml-predict.md","27.08"
"Flink/03-api/03.02-table-sql-api/query-optimization-analysis.md","28.58"
"Flink/03-api/03.02-table-sql-api/sql-functions-cheatsheet.md","44.23"
"Flink/03-api/03.02-table-sql-api/sql-vs-datastream-comparison.md","18.67"
"Flink/03-api/03.02-table-sql-api/vector-search.md","23.5"
"Flink/03-api/09-language-foundations/00-INDEX.md","24.25"
"Flink/03-api/09-language-foundations/01.01-scala-types-for-streaming.md","20.58"
"Flink/03-api/09-language-foundations/01.02-typeinformation-derivation.md","34.06"
"Flink/03-api/09-language-foundations/01.03-scala3-type-system-formalization.md","42.08"
"Flink/03-api/09-language-foundations/02.01-java-api-from-scala.md","28.56"
"Flink/03-api/09-language-foundations/02.02-flink-scala-api-community.md","24.75"
"Flink/03-api/09-language-foundations/02.03-python-async-api.md","92.89"
"Flink/03-api/09-language-foundations/02-python-api.md","46.83"
"Flink/03-api/09-language-foundations/03.01-migration-guide.md","62.98"
"Flink/03-api/09-language-foundations/03-rust-native.md","18.81"
"Flink/03-api/09-language-foundations/04-streaming-lakehouse.md","38.75"
"Flink/03-api/09-language-foundations/05-datastream-v2-api.md","75.63"
"Flink/03-api/09-language-foundations/06-risingwave-deep-dive.md","71.5"
"Flink/03-api/09-language-foundations/07.01-timely-dataflow-optimization.md","20.75"
"Flink/03-api/09-language-foundations/07-rust-streaming-landscape.md","38.42"
"Flink/03-api/09-language-foundations/08-flink-rust-connector-dev.md","65.7"
"Flink/03-api/09-language-foundations/09-wasm-udf-frameworks.md","43.62"
"Flink/03-api/09-language-foundations/10-wasi-component-model.md","44.18"
"Flink/03-api/09-language-foundations/datastream-api-cheatsheet.md","37.02"
"Flink/03-api/09-language-foundations/flink-25-wasm-udf-ga.md","70.47"
"Flink/03-api/09-language-foundations/flink-datastream-api-complete-guide.md","91.66"
"Flink/03-api/09-language-foundations/flink-language-support-complete-guide.md","52.52"
"Flink/03-api/09-language-foundations/flink-rust-native-api-guide.md","0.99"
"Flink/03-api/09-language-foundations/pyflink-complete-guide.md","94.75"
"Flink/03-api/README.md","14.81"
"Flink/03-flink-23/00-INDEX.md","1.27"
"Flink/03-flink-23/flink-22-to-23-migration.md","26.14"
"Flink/03-flink-23/flink-23-adaptive-scheduler.md","25.44"
"Flink/03-flink-23/flink-23-cloud-native.md","26.69"
"Flink/03-flink-23/flink-23-overview.md","24.22"
"Flink/03-flink-23/flink-23-state-backend.md","27.79"
"Flink/04-runtime/04.01-deployment/cost-optimization-calculator.md","28.22"
"Flink/04-runtime/04.01-deployment/evolution/autoscaling-evolution.md","1.62"
"Flink/04-runtime/04.01-deployment/evolution/cloud-deploy.md","1.54"
"Flink/04-runtime/04.01-deployment/evolution/config-management.md","1.57"
"Flink/04-runtime/04.01-deployment/evolution/ha-evolution.md","1.45"
"Flink/04-runtime/04.01-deployment/evolution/k8s-deploy.md","1.66"
"Flink/04-runtime/04.01-deployment/evolution/scheduling-evolution.md","19.5"
"Flink/04-runtime/04.01-deployment/evolution/serverless-deploy.md","1.92"
"Flink/04-runtime/04.01-deployment/evolution/standalone-deploy.md","1.56"
"Flink/04-runtime/04.01-deployment/evolution/upgrade-strategy.md","1.55"
"Flink/04-runtime/04.01-deployment/evolution/yarn-deploy.md","1.47"
"Flink/04-runtime/04.01-deployment/flink-24-deployment-improvements.md","77.9"
"Flink/04-runtime/04.01-deployment/flink-deployment-ops-complete-guide.md","46.52"
"Flink/04-runtime/04.01-deployment/flink-k8s-operator-1.14-guide.md","40.91"
"Flink/04-runtime/04.01-deployment/flink-kubernetes-autoscaler-deep-dive.md","20.75"
"Flink/04-runtime/04.01-deployment/flink-kubernetes-operator-deep-dive.md","39.26"
"Flink/04-runtime/04.01-deployment/flink-serverless-architecture.md","21.53"
"Flink/04-runtime/04.01-deployment/kubernetes-deployment.md","26.48"
"Flink/04-runtime/04.01-deployment/kubernetes-deployment-production-guide.md","53.84"
"Flink/04-runtime/04.01-deployment/multi-cloud-deployment-templates.md","111.47"
"Flink/04-runtime/04.01-deployment/serverless-flink-ga-guide.md","54.99"
"Flink/04-runtime/04.02-operations/production-checklist.md","32.43"
"Flink/04-runtime/04.02-operations/rest-api-complete-reference.md","26.74"
"Flink/04-runtime/04.03-observability/distributed-tracing.md","30.61"
"Flink/04-runtime/04.03-observability/event-reporting.md","21.33"
"Flink/04-runtime/04.03-observability/evolution/alerting-evolution.md","1.59"
"Flink/04-runtime/04.03-observability/evolution/debugging-evolution.md","1.59"
"Flink/04-runtime/04.03-observability/evolution/logging-evolution.md","1.49"
"Flink/04-runtime/04.03-observability/evolution/metrics-evolution.md","1.45"
"Flink/04-runtime/04.03-observability/evolution/obs-integration.md","1.67"
"Flink/04-runtime/04.03-observability/evolution/profiling-evolution.md","1.46"
"Flink/04-runtime/04.03-observability/evolution/slo-evolution.md","1.51"
"Flink/04-runtime/04.03-observability/evolution/testing-evolution.md","1.97"
"Flink/04-runtime/04.03-observability/evolution/tracing-evolution.md","1.62"
"Flink/04-runtime/04.03-observability/evolution/webui-evolution.md","1.45"
"Flink/04-runtime/04.03-observability/flink-observability-complete-guide.md","67.52"
"Flink/04-runtime/04.03-observability/flink-opentelemetry-observability.md","22.79"
"Flink/04-runtime/04.03-observability/metrics-and-monitoring.md","13.34"
"Flink/04-runtime/04.03-observability/opentelemetry-streaming-observability.md","42.16"
"Flink/04-runtime/04.03-observability/realtime-data-quality-monitoring.md","33.41"
"Flink/04-runtime/04.03-observability/split-level-watermark-metrics.md","19.72"
"Flink/04-runtime/04.03-observability/streaming-metrics-monitoring-slo.md","23.82"
"Flink/04-runtime/README.md","16.71"
"Flink/05-ecosystem/05.01-connectors/04.04-cdc-debezium-integration.md","40.67"
"Flink/05-ecosystem/05.01-connectors/cloudevents-integration-guide.md","86.91"
"Flink/05-ecosystem/05.01-connectors/diskless-kafka-cloud-native.md","29.2"
"Flink/05-ecosystem/05.01-connectors/diskless-kafka-deep-dive.md","9.81"
"Flink/05-ecosystem/05.01-connectors/elasticsearch-connector-complete-guide.md","28.7"
"Flink/05-ecosystem/05.01-connectors/evolution/cdc-connector.md","2.95"
"Flink/05-ecosystem/05.01-connectors/evolution/cloud-connector.md","2.04"
"Flink/05-ecosystem/05.01-connectors/evolution/connector-framework.md","41.5"
"Flink/05-ecosystem/05.01-connectors/evolution/custom-connector.md","2.36"
"Flink/05-ecosystem/05.01-connectors/evolution/file-connector.md","2.09"
"Flink/05-ecosystem/05.01-connectors/evolution/jdbc-connector.md","2.21"
"Flink/05-ecosystem/05.01-connectors/evolution/kafka-connector.md","2.19"
"Flink/05-ecosystem/05.01-connectors/evolution/lakehouse-connector.md","2.2"
"Flink/05-ecosystem/05.01-connectors/evolution/mq-connector.md","2.2"
"Flink/05-ecosystem/05.01-connectors/evolution/nosql-connector.md","2.02"
"Flink/05-ecosystem/05.01-connectors/flink-24-connectors-guide.md","64.37"
"Flink/05-ecosystem/05.01-connectors/flink-cdc-3.0-data-integration.md","27.6"
"Flink/05-ecosystem/05.01-connectors/flink-cdc-3.6.0-guide.md","38.1"
"Flink/05-ecosystem/05.01-connectors/flink-connectors-ecosystem-complete-guide.md","78.03"
"Flink/05-ecosystem/05.01-connectors/flink-delta-lake-integration.md","25.79"
"Flink/05-ecosystem/05.01-connectors/flink-elasticsearch-connector-guide.md","32.8"
"Flink/05-ecosystem/05.01-connectors/flink-iceberg-integration.md","67.04"
"Flink/05-ecosystem/05.01-connectors/flink-jdbc-connector-guide.md","26.8"
"Flink/05-ecosystem/05.01-connectors/flink-mongodb-connector-guide.md","38.61"
"Flink/05-ecosystem/05.01-connectors/flink-paimon-integration.md","54.66"
"Flink/05-ecosystem/05.01-connectors/fluss-integration.md","13.83"
"Flink/05-ecosystem/05.01-connectors/jdbc-connector-complete-guide.md","49.98"
"Flink/05-ecosystem/05.01-connectors/kafka-integration-patterns.md","33.19"
"Flink/05-ecosystem/05.01-connectors/mongodb-connector-complete-guide.md","42.6"
"Flink/05-ecosystem/05.01-connectors/pulsar-integration-guide.md","18.57"
"Flink/05-ecosystem/05.02-lakehouse/flink-iceberg-integration.md","76.13"
"Flink/05-ecosystem/05.02-lakehouse/flink-paimon-integration.md","64.14"
"Flink/05-ecosystem/05.02-lakehouse/README.md","3.44"
"Flink/05-ecosystem/05.02-lakehouse/streaming-lakehouse-architecture.md","58.19"
"Flink/05-ecosystem/05.02-lakehouse/streaming-lakehouse-deep-dive-2026.md","55.47"
"Flink/05-ecosystem/05.03-wasm-udf/wasi-0.3-async-preview.md","45.95"
"Flink/05-ecosystem/05.03-wasm-udf/wasm-streaming.md","39.78"
"Flink/05-ecosystem/05.04-graph/flink-gelly.md","10.92"
"Flink/05-ecosystem/05.04-graph/flink-gelly-streaming-graph-processing.md","20.08"
"Flink/05-ecosystem/ecosystem/kafka-streams-migration.md","13.55"
"Flink/05-ecosystem/ecosystem/materialize-comparison.md","10.1"
"Flink/05-ecosystem/ecosystem/pulsar-functions-integration.md","10.72"
"Flink/05-ecosystem/ecosystem/risingwave-integration-guide.md","12.04"
"Flink/05-ecosystem/README.md","19.77"
"Flink/06-ai-ml/ai-agent-flink-deep-integration.md","53.69"
"Flink/06-ai-ml/ai-agent-frameworks-ecosystem-2025.md","39.12"
"Flink/06-ai-ml/ai-agent-streaming-patterns.md","37.75"
"Flink/06-ai-ml/ai-ml/evolution/a2a-protocol.md","1.44"
"Flink/06-ai-ml/ai-ml/evolution/ai-agent-24.md","1.67"
"Flink/06-ai-ml/ai-ml/evolution/ai-agent-25.md","1.85"
"Flink/06-ai-ml/ai-ml/evolution/ai-agent-30.md","1.75"
"Flink/06-ai-ml/ai-ml/evolution/feature-store.md","1.46"
"Flink/06-ai-ml/ai-ml/evolution/llm-integration.md","1.53"
"Flink/06-ai-ml/ai-ml/evolution/mcp-protocol.md","9.35"
"Flink/06-ai-ml/ai-ml/evolution/ml-inference.md","1.57"
"Flink/06-ai-ml/ai-ml/evolution/model-serving.md","1.48"
"Flink/06-ai-ml/ai-ml/evolution/vector-search.md","1.62"
"Flink/06-ai-ml/flink-22-data-ai-platform.md","47"
"Flink/06-ai-ml/flink-25-gpu-acceleration.md","41.37"
"Flink/06-ai-ml/flink-agents-a2a-protocol.md","31.71"
"Flink/06-ai-ml/flink-agents-architecture-deep-dive.md","29.1"
"Flink/06-ai-ml/flink-agents-flip-531.md","36.71"
"Flink/06-ai-ml/flink-agents-mcp-integration.md","28.46"
"Flink/06-ai-ml/flink-agents-patterns-catalog.md","25.19"
"Flink/06-ai-ml/flink-agents-production-checklist.md","21.86"
"Flink/06-ai-ml/flink-agent-workflow-engine.md","50.38"
"Flink/06-ai-ml/flink-ai-agents-flip-531.md","26.47"
"Flink/06-ai-ml/flink-ai-ml-integration-complete-guide.md","99.62"
"Flink/06-ai-ml/flink-llm-integration.md","27.93"
"Flink/06-ai-ml/flink-llm-realtime-inference-guide.md","37.7"
"Flink/06-ai-ml/flink-llm-realtime-rag-architecture.md","36.45"
"Flink/06-ai-ml/flink-mcp-protocol-integration.md","59.78"
"Flink/06-ai-ml/flink-ml-architecture.md","20.97"
"Flink/06-ai-ml/flink-realtime-ml-inference.md","26.69"
"Flink/06-ai-ml/flip-531-ai-agents-ga-guide.md","45.82"
"Flink/06-ai-ml/llm-streaming-inference-architecture.md","28.38"
"Flink/06-ai-ml/model-serving-frameworks-integration.md","94.91"
"Flink/06-ai-ml/model-serving-streaming.md","20.62"
"Flink/06-ai-ml/online-learning-algorithms.md","37.81"
"Flink/06-ai-ml/online-learning-production.md","87.34"
"Flink/06-ai-ml/rag-streaming-architecture.md","39.41"
"Flink/06-ai-ml/README.md","21.27"
"Flink/06-ai-ml/realtime-feature-engineering-feature-store.md","29.1"
"Flink/06-ai-ml/realtime-feature-engineering-guide.md","14.04"
"Flink/06-ai-ml/streaming-ml-libraries-landscape.md","83.61"
"Flink/06-ai-ml/streaming-rag-implementation-patterns.md","28.86"
"Flink/06-ai-ml/vector-database-integration.md","19.84"
"Flink/06-ai-ml/vector-db-streaming-integration-guide.md","10.45"
"Flink/07-roadmap/flink-23-formal-analysis.md","102.25"
"Flink/07-roadmap/flink-24-formal-prospects.md","53.93"
"Flink/07-rust-native/_in-progress/agent-d-2026-04-04-d1.md","1.39"
"Flink/07-rust-native/00-MASTER-INDEX.md","6.12"
"Flink/07-rust-native/ai-native-streaming/01-ai-native-architecture.md","37.6"
"Flink/07-rust-native/ai-native-streaming/02-llm-streaming-integration.md","41.23"
"Flink/07-rust-native/ai-native-streaming/03-vector-search-streaming.md","42.69"
"Flink/07-rust-native/ai-native-streaming/04-ml-inference-optimization.md","41.44"
"Flink/07-rust-native/arroyo-update/01-arroyo-cloudflare-acquisition.md","28.64"
"Flink/07-rust-native/arroyo-update/cloudflare-pipelines-analysis.md","11.36"
"Flink/07-rust-native/arroyo-update/IMPACT-ANALYSIS.md","21.65"
"Flink/07-rust-native/arroyo-update/PROGRESS-TRACKING.md","10.08"
"Flink/07-rust-native/arroyo-update/QUARTERLY-REVIEWS/2026-Q2.md","10.42"
"Flink/07-rust-native/arroyo-update/QUARTERLY-REVIEWS/README.md","1.55"
"Flink/07-rust-native/arroyo-update/README.md","2.84"
"Flink/07-rust-native/comparison/01-rust-streaming-engines-comparison.md","19.11"
"Flink/07-rust-native/COMPLETION-REPORT-B.md","10.64"
"Flink/07-rust-native/edge-wasm-runtime/01-edge-architecture.md","39.2"
"Flink/07-rust-native/edge-wasm-runtime/02-iot-gateway-patterns.md","38.99"
"Flink/07-rust-native/edge-wasm-runtime/03-5g-mec-integration.md","51.45"
"Flink/07-rust-native/edge-wasm-runtime/04-offline-sync-strategies.md","42.24"
"Flink/07-rust-native/edge-wasm-runtime/05-production-deployment-guide.md","38.68"
"Flink/07-rust-native/edge-wasm-runtime/06-5g-mec-integration-guide.md","42.11"
"Flink/07-rust-native/edge-wasm-runtime/COMPLETION-REPORT.md","6.24"
"Flink/07-rust-native/FINAL-COMPLETION-REPORT.md","9.62"
"Flink/07-rust-native/flash-engine/01-flash-architecture.md","19.12"
"Flink/07-rust-native/flash-engine/02-falcon-vector-layer.md","22.21"
"Flink/07-rust-native/flash-engine/03-forstdb-storage.md","20.36"
"Flink/07-rust-native/flash-engine/04-nexmark-benchmark-analysis.md","21.97"
"Flink/07-rust-native/flash-engine/05-flink-compatibility.md","25.06"
"Flink/07-rust-native/flash-engine/06-production-deployment-2025.md","42.23"
"Flink/07-rust-native/flash-engine/AGENT-C-COMPLETION-REPORT.md","5.73"
"Flink/07-rust-native/flink-rust-ecosystem-trends-2026.md","20.58"
"Flink/07-rust-native/FORMAL-ELEMENT-FIX-REPORT.md","7.39"
"Flink/07-rust-native/FORMAL-ELEMENT-GUIDE.md","6.41"
"Flink/07-rust-native/heterogeneous-computing/01-gpu-udf-cuda.md","39.88"
"Flink/07-rust-native/heterogeneous-computing/02-gpu-udf-rocm.md","40.74"
"Flink/07-rust-native/heterogeneous-computing/03-fpga-acceleration.md","31.7"
"Flink/07-rust-native/heterogeneous-computing/04-unified-acceleration-api.md","40.57"
"Flink/07-rust-native/iron-functions/01-iron-functions-complete-guide.md","34.72"
"Flink/07-rust-native/iron-functions/verify-examples/README.md","3.24"
"Flink/07-rust-native/iron-functions/VERSION-TRACKING.md","2.01"
"Flink/07-rust-native/iron-functions-complete-guide.md","31.6"
"Flink/07-rust-native/PROJECT-AUDIT-REPORT.md","10.6"
"Flink/07-rust-native/README.md","7.22"
"Flink/07-rust-native/risingwave-comparison/01-risingwave-architecture.md","21.14"
"Flink/07-rust-native/risingwave-comparison/02-nexmark-head-to-head.md","21.5"
"Flink/07-rust-native/risingwave-comparison/03-migration-guide.md","30.22"
"Flink/07-rust-native/risingwave-comparison/04-hybrid-deployment.md","29.36"
"Flink/07-rust-native/risingwave-comparison/04-risingwave-rust-udf-guide.md","17.91"
"Flink/07-rust-native/risingwave-comparison/AGENT-D-COMPLETION-REPORT.md","2.82"
"Flink/07-rust-native/risingwave-rust-udf-native-guide.md","29.96"
"Flink/07-rust-native/simd-optimization/01-simd-fundamentals.md","19.21"
"Flink/07-rust-native/simd-optimization/02-avx2-avx512-guide.md","24.68"
"Flink/07-rust-native/simd-optimization/03-jni-assembly-bridge.md","21.46"
"Flink/07-rust-native/simd-optimization/04-vectorized-udf-patterns.md","18.81"
"Flink/07-rust-native/simd-optimization/05-arm-neon-sve-guide.md","20.7"
"Flink/07-rust-native/simd-optimization/COMPLETION-REPORT.md","3"
"Flink/07-rust-native/TASK-ASSIGNMENTS.md","8.66"
"Flink/07-rust-native/THEOREM-INDEX.md","21.08"
"Flink/07-rust-native/trends/01-flink-rust-ecosystem-trends-2026.md","33.12"
"Flink/07-rust-native/vectorized-udfs/01-vectorized-udf-intro.md","38.53"
"Flink/07-rust-native/vectorized-udfs/02-arrow-format-integration.md","46.26"
"Flink/07-rust-native/vectorized-udfs/03-columnar-processing.md","55.28"
"Flink/07-rust-native/vectorized-udfs/04-performance-tuning.md","44.02"
"Flink/07-rust-native/vectorized-udfs/COMPLETION-REPORT.md","5.73"
"Flink/07-rust-native/wasi-0.3-async/01-wasi-0.3-spec-guide.md","24.66"
"Flink/07-rust-native/wasi-0.3-async/02-async-streaming-patterns.md","36.87"
"Flink/07-rust-native/wasi-0.3-async/03-component-model-guide.md","28.52"
"Flink/07-rust-native/wasi-0.3-async/04-edge-compute-integration.md","31.09"
"Flink/07-rust-native/wasm-3.0/_completed/AGENT-A-COMPLETION-REPORT.md","5.21"
"Flink/07-rust-native/wasm-3.0/01-wasm-3.0-spec-guide.md","24.43"
"Flink/07-rust-native/wasm-3.0/02-memory64-deep-dive.md","28.23"
"Flink/07-rust-native/wasm-3.0/03-relaxed-simd-guide.md","28.57"
"Flink/07-rust-native/wasm-3.0/04-exception-handling-patterns.md","33.82"
"Flink/08-roadmap/08.01-flink-24/2026-q2-flink-tasks.md","23.16"
"Flink/08-roadmap/08.01-flink-24/community-dynamics-tracking.md","19.28"
"Flink/08-roadmap/08.01-flink-24/flink-2.1-frontier-tracking.md","17.94"
"Flink/08-roadmap/08.01-flink-24/flink-2.3-2.4-roadmap.md","12.64"
"Flink/08-roadmap/08.01-flink-24/flink-2.4-tracking.md","51.79"
"Flink/08-roadmap/08.01-flink-24/flink-2.5-preview.md","20.46"
"Flink/08-roadmap/08.01-flink-24/flink-25-stream-batch-unification.md","45.24"
"Flink/08-roadmap/08.01-flink-24/flink-30-architecture-redesign.md","42.63"
"Flink/08-roadmap/08.01-flink-24/flink-version-comparison-matrix.md","26.29"
"Flink/08-roadmap/08.01-flink-24/flink-version-evolution-complete-guide.md","33.21"
"Flink/08-roadmap/08.01-flink-24/FLIP-TRACKING-SYSTEM.md","29.84"
"Flink/08-roadmap/08.01-flink-24/release-checklist-template.md","30.46"
"Flink/08-roadmap/08.02-flink-25/flink-25-features-preview.md","10.87"
"Flink/08-roadmap/08.02-flink-25/flink-25-migration-guide.md","10.08"
"Flink/08-roadmap/08.02-flink-25/flink-25-roadmap.md","6.33"
"Flink/08-roadmap/2027-trends-prediction.md","20.29"
"Flink/08-roadmap/flink-2.4-2.5-3.0-tracking.md","12.1"
"Flink/09-practices/09.01-case-studies/case-clickstream-user-behavior-analytics.md","49.96"
"Flink/09-practices/09.01-case-studies/case-ecommerce-realtime-recommendation.md","68.3"
"Flink/09-practices/09.01-case-studies/case-energy-grid-optimization.md","28.45"
"Flink/09-practices/09.01-case-studies/case-financial-realtime-risk-control.md","75.61"
"Flink/09-practices/09.01-case-studies/case-fraud-detection-advanced.md","32.98"
"Flink/09-practices/09.01-case-studies/case-gaming-realtime-analytics.md","65.4"
"Flink/09-practices/09.01-case-studies/case-healthcare-monitoring.md","31.62"
"Flink/09-practices/09.01-case-studies/case-iot-stream-processing.md","17.5"
"Flink/09-practices/09.01-case-studies/case-logistics-realtime-tracking.md","54.89"
"Flink/09-practices/09.01-case-studies/case-realtime-analytics.md","52.5"
"Flink/09-practices/09.01-case-studies/case-smart-city-iot.md","27.38"
"Flink/09-practices/09.01-case-studies/case-smart-grid-energy-management.md","91.18"
"Flink/09-practices/09.01-case-studies/case-smart-manufacturing-iot.md","75.97"
"Flink/09-practices/09.01-case-studies/case-social-media-analytics.md","46.62"
"Flink/09-practices/09.01-case-studies/case-supply-chain-optimization.md","35.39"
"Flink/09-practices/09.02-benchmarking/flink-24-25-benchmark-results.md","26.9"
"Flink/09-practices/09.02-benchmarking/nexmark-2026-benchmark.md","26.29"
"Flink/09-practices/09.02-benchmarking/performance-benchmarking-guide.md","20.46"
"Flink/09-practices/09.02-benchmarking/performance-benchmark-suite.md","60.25"
"Flink/09-practices/09.02-benchmarking/streaming-benchmarks.md","15.85"
"Flink/09-practices/09.02-benchmarking/tco-analysis-2026.md","25.21"
"Flink/09-practices/09.03-performance-tuning/05-vs-competitors/flink-vs-kafka-streams.md","65.34"
"Flink/09-practices/09.03-performance-tuning/05-vs-competitors/flink-vs-risingwave-deep-dive.md","13.41"
"Flink/09-practices/09.03-performance-tuning/05-vs-competitors/flink-vs-spark-streaming.md","32.09"
"Flink/09-practices/09.03-performance-tuning/05-vs-competitors/linkedin-samza-deep-dive.md","21.18"
"Flink/09-practices/09.03-performance-tuning/06.02-performance-optimization-complete.md","58.09"
"Flink/09-practices/09.03-performance-tuning/flink-24-performance-improvements.md","33.55"
"Flink/09-practices/09.03-performance-tuning/flink-dbt-integration.md","41.19"
"Flink/09-practices/09.03-performance-tuning/flink-tco-cost-optimization-guide.md","39.13"
"Flink/09-practices/09.03-performance-tuning/jdk-11-migration-guide.md","20.92"
"Flink/09-practices/09.03-performance-tuning/performance-tuning-guide.md","20.96"
"Flink/09-practices/09.03-performance-tuning/production-config-templates.md","27.32"
"Flink/09-practices/09.03-performance-tuning/state-backend-selection.md","19.65"
"Flink/09-practices/09.03-performance-tuning/stream-processing-cost-optimization.md","42.21"
"Flink/09-practices/09.03-performance-tuning/stream-processing-testing-strategies.md","45.1"
"Flink/09-practices/09.03-performance-tuning/troubleshooting-handbook.md","31.46"
"Flink/09-practices/09.04-deployment/00-INDEX.md","0.51"
"Flink/09-practices/09.04-deployment/flink-gitops-deployment.md","4.91"
"Flink/09-practices/09.04-deployment/flink-k8s-operator-migration-1.13-to-1.14.md","49.45"
"Flink/09-practices/09.04-deployment/flink-k8s-operator-new-features-1.14.md","21.56"
"Flink/09-practices/09.04-deployment/flink-kubernetes-operator-1.14-guide.md","49.58"
"Flink/09-practices/09.04-deployment/flink-multi-cluster-federation.md","5.55"
"Flink/09-practices/09.04-security/flink-24-security-enhancements.md","59.1"
"Flink/09-practices/09.04-security/flink-security-complete-guide.md","48.7"
"Flink/09-practices/09.04-security/gpu-confidential-computing.md","55.26"
"Flink/09-practices/09.04-security/security/evolution/audit-evolution.md","1.62"
"Flink/09-practices/09.04-security/security/evolution/auth-evolution.md","1.61"
"Flink/09-practices/09.04-security/security/evolution/authorization-evolution.md","1.63"
"Flink/09-practices/09.04-security/security/evolution/compliance-evolution.md","1.69"
"Flink/09-practices/09.04-security/security/evolution/data-governance-evolution.md","1.69"
"Flink/09-practices/09.04-security/security/evolution/encryption-evolution.md","1.61"
"Flink/09-practices/09.04-security/security/evolution/key-management-evolution.md","1.61"
"Flink/09-practices/09.04-security/security/evolution/lineage-evolution.md","1.55"
"Flink/09-practices/09.04-security/security/evolution/security-policy-evolution.md","1.71"
"Flink/09-practices/09.04-security/security/evolution/tee-evolution.md","1.84"
"Flink/09-practices/09.04-security/security-hardening-guide.md","61.44"
"Flink/09-practices/09.04-security/spiffe-spire-integration-guide.md","33.24"
"Flink/09-practices/09.04-security/streaming-security-best-practices.md","18.41"
"Flink/09-practices/09.04-security/trusted-execution-flink.md","21.57"
"Flink/09-practices/09.05-edge/flink-edge-ai-optimization.md","22.08"
"Flink/09-practices/09.05-edge/flink-edge-iot-gateway.md","41.04"
"Flink/09-practices/09.05-edge/flink-edge-kubernetes-k3s.md","30.57"
"Flink/09-practices/09.05-edge/flink-edge-offline-sync.md","46.59"
"Flink/09-practices/09.05-edge/flink-edge-resource-optimization.md","32"
"Flink/09-practices/09.05-edge/flink-edge-streaming-guide.md","34.49"
"Flink/09-practices/09.06-debugging/source-code-debugging.md","53.13"
"Flink/09-practices/09.07-performance/00-INDEX.md","0.51"
"Flink/09-practices/09.07-performance/flink-jvm-gc-tuning.md","5.89"
"Flink/09-practices/09.07-performance/flink-performance-tuning-methodology.md","25.76"
"Flink/10-internals/checkpoint-source-analysis.md","108.98"
"Flink/10-internals/jobmanager-source-analysis.md","65.07"
"Flink/10-internals/memory-management-internals.md","46.11"
"Flink/10-internals/network-stack-internals.md","41.74"
"Flink/10-internals/scheduler-source-analysis.md","37.12"
"Flink/10-internals/serialization-internals.md","32.21"
"Flink/10-internals/source-code-reading-guide.md","30.2"
"Flink/10-internals/state-backend-internals.md","98.91"
"Flink/10-internals/taskmanager-source-analysis.md","49.15"
"Flink/10-internals/watermark-source-analysis.md","68.44"
"Flink/3.9-state-backends-deep-comparison.md","25.46"
"Flink/built-in-functions-reference.md","11.27"
"Flink/data-types-complete-reference.md","9.66"
"Flink/elasticsearch-connector-guide.md","10.82"
"Flink/flink-built-in-functions-reference.md","23.1"
"Flink/flink-cep-complete-tutorial.md","42.94"
"Flink/flink-data-types-reference.md","18.13"
"Flink/flink-nexmark-benchmark-guide.md","18.48"
"Flink/flink-performance-benchmark-suite.md","15.6"
"Flink/flink-pyflink-deep-dive.md","38.81"
"Flink/flink-state-backends-comparison.md","30.18"
"Flink/flink-ycsb-benchmark-guide.md","21.42"
"Flink/FORMAL-TO-CODE-MAPPING.md","17.71"
"Flink/Formal-to-Code-Mapping-v2.md","12.97"
"Flink/jdbc-connector-guide.md","10.57"
"Flink/materialize-comparison.md","4.96"
"Flink/mongodb-connector-guide.md","12.22"
"Flink/pulsar-functions-integration.md","9.05"
"Flink/pyflink-deep-guide.md","12.43"
"Flink/risingwave-integration-guide.md","6.23"
"Flink/state-backends-comparison.md","13.73"
"Knowledge/00-INDEX.md","33.11"
"Knowledge/00-KNOWLEDGE-PATTERN-RELATIONSHIP.md","15.25"
"Knowledge/01-concept-atlas/01.01-stream-processing-fundamentals.md","34.17"
"Knowledge/01-concept-atlas/01.02-time-semantics.md","42.36"
"Knowledge/01-concept-atlas/01.03-window-concepts.md","17.45"
"Knowledge/01-concept-atlas/01.04-state-management-concepts.md","13.59"
"Knowledge/01-concept-atlas/01.05-consistency-models.md","12.21"
"Knowledge/01-concept-atlas/concurrency-paradigms-matrix.md","35.9"
"Knowledge/01-concept-atlas/data-streaming-landscape-2026-complete.md","51.77"
"Knowledge/01-concept-atlas/go-concurrency-evolution-2025.md","26.96"
"Knowledge/01-concept-atlas/README.md","7.62"
"Knowledge/01-concept-atlas/streaming-languages-landscape-2025.md","22.47"
"Knowledge/01-concept-atlas/streaming-models-mindmap.md","35.93"
"Knowledge/02-design-patterns/02.01-stream-join-patterns.md","49.21"
"Knowledge/02-design-patterns/02.02-dual-stream-patterns.md","46.87"
"Knowledge/02-design-patterns/02.03-backpressure-handling-patterns.md","38.58"
"Knowledge/02-design-patterns/pattern-async-io-enrichment.md","34.49"
"Knowledge/02-design-patterns/pattern-cep-complex-event.md","41.06"
"Knowledge/02-design-patterns/pattern-checkpoint-recovery.md","34.87"
"Knowledge/02-design-patterns/pattern-event-time-processing.md","27.47"
"Knowledge/02-design-patterns/pattern-log-analysis.md","33.23"
"Knowledge/02-design-patterns/pattern-realtime-feature-engineering.md","15.72"
"Knowledge/02-design-patterns/pattern-side-output.md","41.53"
"Knowledge/02-design-patterns/pattern-stateful-computation.md","20.82"
"Knowledge/02-design-patterns/pattern-windowed-aggregation.md","35.31"
"Knowledge/02-design-patterns/polyglot-streaming-patterns.md","41.54"
"Knowledge/02-design-patterns/README.md","10.19"
"Knowledge/03-business-patterns/airbnb-marketplace-dynamics.md","41.62"
"Knowledge/03-business-patterns/alibaba-double11-flink.md","40.77"
"Knowledge/03-business-patterns/data-mesh-streaming-architecture-2026.md","20.49"
"Knowledge/03-business-patterns/fintech-realtime-risk-control.md","43.33"
"Knowledge/03-business-patterns/gaming-analytics.md","40.85"
"Knowledge/03-business-patterns/iot-stream-processing.md","42.2"
"Knowledge/03-business-patterns/log-monitoring.md","35.58"
"Knowledge/03-business-patterns/netflix-streaming-pipeline.md","17.72"
"Knowledge/03-business-patterns/real-time-recommendation.md","47.76"
"Knowledge/03-business-patterns/spotify-music-recommendation.md","37.99"
"Knowledge/03-business-patterns/streaming-data-product-economics.md","29.18"
"Knowledge/03-business-patterns/stripe-payment-processing.md","38.22"
"Knowledge/03-business-patterns/uber-realtime-platform.md","49.28"
"Knowledge/04-technology-selection/engine-selection-guide.md","41.65"
"Knowledge/04-technology-selection/flink-vs-risingwave.md","42.16"
"Knowledge/04-technology-selection/multidimensional-comparison-matrices.md","67.15"
"Knowledge/04-technology-selection/paradigm-selection-guide.md","31.39"
"Knowledge/04-technology-selection/storage-selection-guide.md","28.82"
"Knowledge/04-technology-selection/streaming-database-guide.md","74.02"
"Knowledge/04-technology-selection/streaming-databases-2026-comparison.md","58.29"
"Knowledge/04-technology-selection/streaming-decision-tree-system.md","64.92"
"Knowledge/05-mapping-guides/migration-guides/05.1-spark-streaming-to-flink-migration.md","17.1"
"Knowledge/05-mapping-guides/migration-guides/05.2-kafka-streams-to-flink-migration.md","19.93"
"Knowledge/05-mapping-guides/migration-guides/05.3-storm-to-flink-migration.md","22.15"
"Knowledge/05-mapping-guides/migration-guides/05.4-flink-1x-to-2x-migration.md","17.93"
"Knowledge/05-mapping-guides/migration-guides/05.5-batch-to-streaming-migration.md","20.19"
"Knowledge/05-mapping-guides/multi-agent-frameworks-2026-comparison.md","25.51"
"Knowledge/05-mapping-guides/streaming-etl-tools-landscape-2026.md","36.81"
"Knowledge/05-mapping-guides/streaming-sql-engines-2026-comparison.md","51.43"
"Knowledge/05-mapping-guides/struct-to-flink-mapping.md","44.22"
"Knowledge/05-mapping-guides/theory-to-code-patterns.md","37.47"
"Knowledge/05-migrations/kafka-streams-to-flink-guide.md","54.85"
"Knowledge/06-frontier/00-INDEX.md","12.18"
"Knowledge/06-frontier/a2a-protocol-agent-communication.md","40.42"
"Knowledge/06-frontier/a2a-protocol-formal-analysis.md","65.73"
"Knowledge/06-frontier/ai-agent-a2a-protocol.md","66.42"
"Knowledge/06-frontier/ai-agent-database-workloads.md","19.6"
"Knowledge/06-frontier/ai-agent-streaming-architecture.md","48.7"
"Knowledge/06-frontier/audio-stream-processing.md","15.31"
"Knowledge/06-frontier/cloud-edge-continuum.md","29.49"
"Knowledge/06-frontier/data-streaming-landscape-2025.md","22.42"
"Knowledge/06-frontier/edge-ai-streaming-architecture.md","40.72"
"Knowledge/06-frontier/edge-llm-realtime-inference.md","46.29"
"Knowledge/06-frontier/edge-streaming-advanced-2026.md","33.32"
"Knowledge/06-frontier/edge-streaming-architecture.md","14.95"
"Knowledge/06-frontier/edge-streaming-patterns.md","32.55"
"Knowledge/06-frontier/faas-dataflow.md","23.22"
"Knowledge/06-frontier/federated-streaming-learning.md","25.68"
"Knowledge/06-frontier/go-streaming-ecosystem-2025.md","52.13"
"Knowledge/06-frontier/green-ai-streaming/green-streaming-architecture.md","10.64"
"Knowledge/06-frontier/hardware-accelerated-streaming.md","34.47"
"Knowledge/06-frontier/learned-optimizers-streaming.md","34.79"
"Knowledge/06-frontier/materialize-comparison-guide.md","55.11"
"Knowledge/06-frontier/mcp-protocol-agent-streaming.md","20.14"
"Knowledge/06-frontier/mcp-protocol-formal-specification.md","56.52"
"Knowledge/06-frontier/mcp-security-governance-2026.md","22.28"
"Knowledge/06-frontier/multi-agent-streaming-orchestration.md","42.82"
"Knowledge/06-frontier/multi-cloud-streaming-architecture.md","21.29"
"Knowledge/06-frontier/multimodal-ai-streaming-architecture.md","18.99"
"Knowledge/06-frontier/multimodal-streaming-advanced.md","30.95"
"Knowledge/06-frontier/multimodal-streaming-architecture.md","28.54"
"Knowledge/06-frontier/multimodal-stream-processing.md","7.26"
"Knowledge/06-frontier/realtime-ai-inference-architecture.md","29.05"
"Knowledge/06-frontier/realtime-ai-streaming-2026.md","38.58"
"Knowledge/06-frontier/realtime-data-mesh-practice.md","22.26"
"Knowledge/06-frontier/realtime-data-product-architecture.md","24.84"
"Knowledge/06-frontier/realtime-data-quality-validation.md","22.47"
"Knowledge/06-frontier/realtime-digital-twin-streaming.md","25.9"
"Knowledge/06-frontier/realtime-feature-store-architecture.md","37.13"
"Knowledge/06-frontier/realtime-gnn-streaming.md","28.69"
"Knowledge/06-frontier/realtime-graph-streaming-tgnn.md","18.75"
"Knowledge/06-frontier/realtime-inference-optimization-formal.md","46.02"
"Knowledge/06-frontier/realtime-ml-inference/00-INDEX.md","1.13"
"Knowledge/06-frontier/realtime-ml-inference/06.04.01-ml-model-serving.md","21.95"
"Knowledge/06-frontier/realtime-ml-inference/06.04.02-feature-store-streaming.md","32.18"
"Knowledge/06-frontier/realtime-ml-inference/06.04.03-ml-pipeline-orchestration.md","33.65"
"Knowledge/06-frontier/realtime-ml-inference/06.04.04-ml-observability.md","18.56"
"Knowledge/06-frontier/real-time-rag-architecture.md","20.11"
"Knowledge/06-frontier/risingwave-deep-dive.md","26.85"
"Knowledge/06-frontier/risingwave-integration-guide.md","48.32"
"Knowledge/06-frontier/rust-2024-edition-streaming.md","28.47"
"Knowledge/06-frontier/rust-streaming-comparison.md","41.96"
"Knowledge/06-frontier/rust-streaming-ecosystem.md","30.56"
"Knowledge/06-frontier/rust-streaming-emerging-2025.md","27.91"
"Knowledge/06-frontier/rust-streaming-production-cases.md","52.71"
"Knowledge/06-frontier/serverless-streaming-architecture.md","22.49"
"Knowledge/06-frontier/serverless-streaming-cost-optimization.md","28.41"
"Knowledge/06-frontier/serverless-streaming-formal-theory.md","52.03"
"Knowledge/06-frontier/serverless-stream-processing-architecture.md","24.86"
"Knowledge/06-frontier/stateful-serverless.md","35.28"
"Knowledge/06-frontier/streaming-access-control.md","47.62"
"Knowledge/06-frontier/streaming-database-ecosystem-comparison.md","40.92"
"Knowledge/06-frontier/streaming-databases.md","24.14"
"Knowledge/06-frontier/streaming-databases-deep/streaming-database-comprehensive-matrix.md","13.72"
"Knowledge/06-frontier/streaming-databases-market-analysis-supplement.md","12.66"
"Knowledge/06-frontier/streaming-databases-market-report-2026-Q2.md","16.62"
"Knowledge/06-frontier/streaming-data-mesh-architecture.md","16.96"
"Knowledge/06-frontier/streaming-graph-processing-tgn.md","25.06"
"Knowledge/06-frontier/streaming-lakehouse-formal-theory.md","52.44"
"Knowledge/06-frontier/streaming-lakehouse-iceberg-delta.md","30.03"
"Knowledge/06-frontier/streaming-materialized-view-architecture.md","21.7"
"Knowledge/06-frontier/streaming-security-compliance.md","28.06"
"Knowledge/06-frontier/streaming-slo-definition.md","16.51"
"Knowledge/06-frontier/stream-reasoning-comprehensive-guide.md","61.43"
"Knowledge/06-frontier/temporal-flink-layered-architecture.md","58.51"
"Knowledge/06-frontier/transactional-stream-processing-deep-dive.md","79.14"
"Knowledge/06-frontier/vector-search-streaming-convergence.md","37.28"
"Knowledge/06-frontier/video-stream-analytics.md","7.3"
"Knowledge/06-frontier/wasm-dataflow-patterns.md","117.83"
"Knowledge/06-frontier/web3-blockchain-streaming-architecture.md","35.52"
"Knowledge/06-frontier/web3-streaming-analytics-defi.md","29.13"
"Knowledge/07-best-practices/07.01-flink-production-checklist.md","26.03"
"Knowledge/07-best-practices/07.02-performance-tuning-patterns.md","19.49"
"Knowledge/07-best-practices/07.03-troubleshooting-guide.md","23.1"
"Knowledge/07-best-practices/07.04-cost-optimization-patterns.md","24.87"
"Knowledge/07-best-practices/07.05-security-hardening-guide.md","23.17"
"Knowledge/07-best-practices/07.06-high-availability-patterns.md","27.97"
"Knowledge/07-best-practices/07.07-testing-strategies-complete.md","41.56"
"Knowledge/08-standards/streaming-data-governance.md","21.75"
"Knowledge/08-standards/streaming-data-governance-quality.md","43.89"
"Knowledge/08-standards/streaming-security-compliance.md","33.63"
"Knowledge/09-anti-patterns/anti-pattern-01-global-state-abuse.md","23.61"
"Knowledge/09-anti-patterns/anti-pattern-02-watermark-misconfiguration.md","26.17"
"Knowledge/09-anti-patterns/anti-pattern-03-checkpoint-interval-misconfig.md","28.15"
"Knowledge/09-anti-patterns/anti-pattern-04-hot-key-skew.md","27.45"
"Knowledge/09-anti-patterns/anti-pattern-05-blocking-io-processfunction.md","5.98"
"Knowledge/09-anti-patterns/anti-pattern-06-serialization-overhead.md","6.5"
"Knowledge/09-anti-patterns/anti-pattern-07-window-state-explosion.md","6.38"
"Knowledge/09-anti-patterns/anti-pattern-08-ignoring-backpressure.md","5.55"
"Knowledge/09-anti-patterns/anti-pattern-09-multi-stream-join-misalignment.md","5.69"
"Knowledge/09-anti-patterns/anti-pattern-10-resource-estimation-oom.md","5.3"
"Knowledge/09-anti-patterns/anti-pattern-checklist.md","17.4"
"Knowledge/09-anti-patterns/README.md","14.42"
"Knowledge/09-anti-patterns/streaming-anti-patterns.md","47.74"
"Knowledge/10-case-studies/00-INDEX.md","13.6"
"Knowledge/10-case-studies/annual-case-collection-2026.md","22.63"
"Knowledge/10-case-studies/CODE-RUNNABILITY-NOTES.md","4.59"
"Knowledge/10-case-studies/ecommerce/10.2.1-realtime-recommendation.md","14.13"
"Knowledge/10-case-studies/ecommerce/10.2.2-inventory-sync.md","5.38"
"Knowledge/10-case-studies/ecommerce/10.2.3-big-promotion-realtime-dashboard.md","96.74"
"Knowledge/10-case-studies/ecommerce/10.2.4-ecommerce-realtime-recommendation.md","18.01"
"Knowledge/10-case-studies/finance/10.1.1-realtime-anti-fraud-system.md","30.79"
"Knowledge/10-case-studies/finance/10.1.2-transaction-monitoring-compliance.md","13.33"
"Knowledge/10-case-studies/finance/10.1.3-realtime-risk-decision.md","15.16"
"Knowledge/10-case-studies/finance/10.1.4-realtime-payment-risk-control.md","71.25"
"Knowledge/10-case-studies/finance/10.1.5-realtime-risk-control-platform.md","59.31"
"Knowledge/10-case-studies/finance/10.1.6-anti-fraud-system.md","19"
"Knowledge/10-case-studies/gaming/10.5.1-realtime-battle-analytics.md","15.42"
"Knowledge/10-case-studies/gaming/10.5.2-anti-cheat-system.md","56.34"
"Knowledge/10-case-studies/gaming/10.5.3-gaming-analytics-platform.md","22.32"
"Knowledge/10-case-studies/iot/10.3.1-smart-manufacturing.md","14.54"
"Knowledge/10-case-studies/iot/10.3.2-connected-vehicles.md","5.26"
"Knowledge/10-case-studies/iot/10.3.3-predictive-maintenance-manufacturing.md","53.04"
"Knowledge/10-case-studies/iot/10.3.4-edge-manufacturing-case.md","44.34"
"Knowledge/10-case-studies/iot/10.3.5-smart-manufacturing-iot.md","70"
"Knowledge/10-case-studies/iot/10.3.6-smart-grid-monitoring.md","19.65"
"Knowledge/10-case-studies/PERFORMANCE-DATA-NOTES.md","5.21"
"Knowledge/10-case-studies/social-media/10.4.1-content-recommendation.md","11.18"
"Knowledge/10-case-studies/social-media/10.4.2-realtime-recommendation-content.md","49.01"
"Knowledge/3.10-flink-production-checklist.md","28.5"
"Knowledge/98-exercises/exercise-01-process-calculus.md","21.03"
"Knowledge/98-exercises/exercise-02-flink-basics.md","16.81"
"Knowledge/98-exercises/exercise-03-checkpoint-analysis.md","22.94"
"Knowledge/98-exercises/exercise-04-consistency-models.md","11.12"
"Knowledge/98-exercises/exercise-05-pattern-implementation.md","28.4"
"Knowledge/98-exercises/exercise-06-tla-practice.md","11.9"
"Knowledge/98-exercises/quick-ref-a2a-protocol.md","10.78"
"Knowledge/98-exercises/quick-ref-flink-vs-risingwave.md","11.6"
"Knowledge/98-exercises/quick-ref-security-compliance.md","19.62"
"Knowledge/98-exercises/quick-ref-streaming-anti-patterns.md","13.39"
"Knowledge/98-exercises/quick-ref-temporal-flink.md","16.28"
"Knowledge/98-exercises/README.md","3.59"
"Knowledge/case-studies/ecommerce-realtime-recommendation-v2.md","18.81"
"Knowledge/case-studies/finance/realtime-anti-fraud-system-case.md","13.61"
"Knowledge/case-studies/fraud-detection-production-case.md","25.17"
"Knowledge/case-studies/gaming/realtime-game-analytics-case.md","14.83"
"Knowledge/case-studies/gaming-analytics-platform-case.md","25.41"
"Knowledge/case-studies/iot-smart-grid-case-study.md","20.42"
"Knowledge/cep-complete-tutorial.md","12.95"
"Knowledge/Flink-Scala-Rust-Comprehensive/00-MASTER-INDEX.md","6.25"
"Knowledge/Flink-Scala-Rust-Comprehensive/01-scala-ecosystem/01.01-scala-streaming-landscape.md","27.3"
"Knowledge/Flink-Scala-Rust-Comprehensive/01-scala-ecosystem/01.02-flink-scala-api-analysis.md","36.24"
"Knowledge/Flink-Scala-Rust-Comprehensive/01-scala-ecosystem/01.03-scala-java-api-interop.md","37.61"
"Knowledge/Flink-Scala-Rust-Comprehensive/01-scala-ecosystem/01.04-fs2-pekko-streams.md","33.25"
"Knowledge/Flink-Scala-Rust-Comprehensive/01-scala-ecosystem/01.05-scala-type-system-streaming.md","33.02"
"Knowledge/Flink-Scala-Rust-Comprehensive/02-flink-system/02.01-flink-2x-architecture.md","23.71"
"Knowledge/Flink-Scala-Rust-Comprehensive/02-flink-system/02.02-flink-runtime-deep-dive.md","27.05"
"Knowledge/Flink-Scala-Rust-Comprehensive/02-flink-system/02.03-flink-state-backends.md","24.94"
"Knowledge/Flink-Scala-Rust-Comprehensive/02-flink-system/02.04-flink-sql-table-api.md","24.54"
"Knowledge/Flink-Scala-Rust-Comprehensive/02-flink-system/02.05-flink-cloud-native.md","24.35"
"Knowledge/Flink-Scala-Rust-Comprehensive/03-scala-rust-interop/03.01-wasm-interop.md","30.29"
"Knowledge/Flink-Scala-Rust-Comprehensive/03-scala-rust-interop/03.02-jni-bridge.md","31.39"
"Knowledge/Flink-Scala-Rust-Comprehensive/03-scala-rust-interop/03.03-grpc-service.md","36.7"
"Knowledge/Flink-Scala-Rust-Comprehensive/03-scala-rust-interop/03.04-iron-functions-guide.md","34"
"Knowledge/Flink-Scala-Rust-Comprehensive/03-scala-rust-interop/03.05-interop-comparison.md","21.46"
"Knowledge/Flink-Scala-Rust-Comprehensive/04-rust-engines/04.01-rust-engines-comparison.md","19.89"
"Knowledge/Flink-Scala-Rust-Comprehensive/04-rust-engines/04.02-risingwave-deep-dive.md","29.7"
"Knowledge/Flink-Scala-Rust-Comprehensive/04-rust-engines/04.03-materialize-analysis.md","17.67"
"Knowledge/Flink-Scala-Rust-Comprehensive/04-rust-engines/04.04-arroyo-cloudflare.md","21.13"
"Knowledge/Flink-Scala-Rust-Comprehensive/04-rust-engines/04.05-vectorization-simd.md","23"
"Knowledge/Flink-Scala-Rust-Comprehensive/05-architecture-patterns/05.01-hybrid-architecture-patterns.md","28.57"
"Knowledge/Flink-Scala-Rust-Comprehensive/05-architecture-patterns/05.02-migration-strategies.md","25.64"
"Knowledge/Flink-Scala-Rust-Comprehensive/05-architecture-patterns/05.03-cloud-deployment.md","30.55"
"Knowledge/Flink-Scala-Rust-Comprehensive/05-architecture-patterns/05.04-edge-computing.md","26.65"
"Knowledge/Flink-Scala-Rust-Comprehensive/05-architecture-patterns/COMPLETION-REPORT.md","5.39"
"Knowledge/Flink-Scala-Rust-Comprehensive/06-trends-2026/06.01-2026-trends.md","35.1"
"Knowledge/Flink-Scala-Rust-Comprehensive/06-trends-2026/06.02-adoption-roadmap.md","30.9"
"Knowledge/Flink-Scala-Rust-Comprehensive/99-appendix/99.01-glossary.md","49.07"
"Knowledge/Flink-Scala-Rust-Comprehensive/99-appendix/99.02-references.md","26.46"
"Knowledge/Flink-Scala-Rust-Comprehensive/99-appendix/cross-reference-index.md","20.3"
"Knowledge/Flink-Scala-Rust-Comprehensive/COMPLETION-REPORT.md","9.97"
"Knowledge/Flink-Scala-Rust-Comprehensive/performance-tests/nexmark-benchmark-suite.md","38.47"
"Knowledge/Flink-Scala-Rust-Comprehensive/performance-tests/performance-test-framework.md","20.19"
"Knowledge/Flink-Scala-Rust-Comprehensive/performance-tests/README.md","3.09"
"Knowledge/Flink-Scala-Rust-Comprehensive/performance-tests/simd-vectorization-benchmark.md","14.37"
"Knowledge/Flink-Scala-Rust-Comprehensive/performance-tests/wasm-udf-overhead-analysis.md","16.79"
"Knowledge/Flink-Scala-Rust-Comprehensive/src-analysis/arroyo-wasm-edge-src.md","28.74"
"Knowledge/Flink-Scala-Rust-Comprehensive/src-analysis/flink-checkpoint-source.md","26.34"
"Knowledge/Flink-Scala-Rust-Comprehensive/src-analysis/flink-network-stack.md","28.84"
"Knowledge/Flink-Scala-Rust-Comprehensive/src-analysis/flink-runtime-architecture.md","26.83"
"Knowledge/Flink-Scala-Rust-Comprehensive/src-analysis/flink-taskmanager-deep-dive.md","32.44"
"Knowledge/Flink-Scala-Rust-Comprehensive/src-analysis/iron-functions-wasm-src.md","24.31"
"Knowledge/Flink-Scala-Rust-Comprehensive/src-analysis/materialize-differential-src.md","22.43"
"Knowledge/Flink-Scala-Rust-Comprehensive/src-analysis/risingwave-architecture-src.md","21.03"
"Knowledge/Flink-Scala-Rust-Comprehensive/src-analysis/risingwave-udf-rust-src.md","22.29"
"Knowledge/Flink-Scala-Rust-Comprehensive/src-analysis/risingwave-vs-materialize-src.md","17.58"
"Knowledge/Flink-Scala-Rust-Comprehensive/src-analysis/wasi-03-async-src.md","22.35"
"Knowledge/Flink-Scala-Rust-Comprehensive/src-analysis/WASM-UDF-BEST-PRACTICES.md","11.21"
"Knowledge/Flink-Scala-Rust-Comprehensive/src-analysis/wasm-udf-performance-src.md","24.9"
"Knowledge/kafka-streams-migration.md","6.14"
"Knowledge/Knowledge-to-Flink-Mapping.md","24.2"
"Knowledge/learning-path-recommender.md","11.72"
"Knowledge/personalized-learning-engine.md","19.34"
"Knowledge/production-checklist.md","13"
"Knowledge/production-deployment-checklist.md","32.44"
"Struct/00-INDEX.md","8.99"
"Struct/00-STRUCT-DERIVATION-CHAIN.md","18.5"
"Struct/01-foundation/01.01-unified-streaming-theory.md","20.34"
"Struct/01-foundation/01.02-process-calculus-primer.md","38.72"
"Struct/01-foundation/01.03-actor-model-formalization.md","29.89"
"Struct/01-foundation/01.04-dataflow-model-formalization.md","35.55"
"Struct/01-foundation/01.05-csp-formalization.md","29.66"
"Struct/01-foundation/01.06-petri-net-formalization.md","32.4"
"Struct/01-foundation/01.07-session-types.md","17.56"
"Struct/01-foundation/01.08-streaming-database-formalization.md","27.28"
"Struct/01-foundation/01.09-edge-streaming-semantics.md","19.59"
"Struct/01-foundation/01.10-schema-evolution-formalization.md","29.54"
"Struct/01-foundation/network-calculus/network-calculus-streaming.md","14.51"
"Struct/01-foundation/streaming-axiomatic-system.md","62.5"
"Struct/01-foundation/stream-processing-semantics-formalization.md","26.17"
"Struct/02-properties/02.01-determinism-in-streaming.md","37.1"
"Struct/02-properties/02.02-consistency-hierarchy.md","46.74"
"Struct/02-properties/02.03-watermark-monotonicity.md","22.22"
"Struct/02-properties/02.04-liveness-and-safety.md","31.54"
"Struct/02-properties/02.05-type-safety-derivation.md","29.34"
"Struct/02-properties/02.06-calm-theorem.md","17.88"
"Struct/02-properties/02.07-encrypted-stream-processing.md","31.81"
"Struct/02-properties/02.08-differential-privacy-streaming.md","19.19"
"Struct/03-relationships/03.01-actor-to-csp-encoding.md","34.47"
"Struct/03-relationships/03.02-flink-to-process-calculus.md","29.76"
"Struct/03-relationships/03.03-expressiveness-hierarchy.md","30.36"
"Struct/03-relationships/03.03-expressiveness-hierarchy-supplement.md","34.69"
"Struct/03-relationships/03.04-bisimulation-equivalences.md","34.98"
"Struct/03-relationships/03.05-cross-model-mappings.md","30.35"
"Struct/03-relationships/03.06-flink-distributed-architecture.md","68.63"
"Struct/04-proofs/04.01-flink-checkpoint-correctness.md","44.42"
"Struct/04-proofs/04.02-flink-exactly-once-correctness.md","32.96"
"Struct/04-proofs/04.03-chandy-lamport-consistency.md","41.18"
"Struct/04-proofs/04.04-watermark-algebra-formal-proof.md","45.53"
"Struct/04-proofs/04.05-type-safety-fg-fgg.md","20.91"
"Struct/04-proofs/04.06-dot-subtyping-completeness.md","33.8"
"Struct/04-proofs/04.07-deadlock-freedom-choreographic.md","52.53"
"Struct/05-comparative-analysis/05.01-go-vs-scala-expressiveness.md","31.58"
"Struct/05-comparative-analysis/05.02-expressiveness-vs-decidability.md","22.6"
"Struct/05-comparative-analysis/05.03-encoding-completeness-analysis.md","35.5"
"Struct/05-comparative-analysis/05.04-concurrency-models-2025-comparison.md","31.94"
"Struct/06-frontier/06.01-open-problems-streaming-verification.md","33.73"
"Struct/06-frontier/06.02-choreographic-streaming-programming.md","46.49"
"Struct/06-frontier/06.03-ai-agent-session-types.md","38.94"
"Struct/06-frontier/06.04-pdot-path-dependent-types.md","32.11"
"Struct/06-frontier/06.05-ai-agent-streaming-formalization.md","50.56"
"Struct/06-frontier/06.10-transactional-cloud-dataflow-actor.md","25.96"
"Struct/06-frontier/academic-frontier-2024-2026.md","17.55"
"Struct/06-frontier/ai-agent-streaming-formal-theory.md","61.19"
"Struct/06-frontier/complex-event-processing-formal-theory.md","59.89"
"Struct/06-frontier/edge-streaming-formal-theory.md","60.87"
"Struct/06-frontier/first-person-choreographies.md","14.97"
"Struct/06-frontier/first-person-choreographies/first-person-cp-advanced.md","1.72"
"Struct/06-frontier/graph-streaming-formal-theory.md","52.21"
"Struct/06-frontier/probabilistic-streaming/probabilistic-stream-semantics.md","11.72"
"Struct/06-frontier/project-supplementation-plan.md","21.14"
"Struct/06-frontier/research-trends-analysis-2024-2026.md","21.49"
"Struct/06-frontier/serverless-streaming-formal-theory.md","55.46"
"Struct/06-frontier/streaming-lakehouse-formal-theory.md","58.11"
"Struct/06-frontier/streaming-machine-learning-formal-theory.md","54.29"
"Struct/06-frontier/streaming-rag-formal-theory.md","57.75"
"Struct/07-tools/ai-formal-verification/ai-formal-verification-integration.md","14.38"
"Struct/07-tools/coq-mechanization.md","36.59"
"Struct/07-tools/iris-separation-logic.md","19.21"
"Struct/07-tools/model-checking-guided-testing.md","21.84"
"Struct/07-tools/model-checking-practice.md","21.18"
"Struct/07-tools/proof-automation-guide.md","15.78"
"Struct/07-tools/smart-casual-verification.md","46.17"
"Struct/07-tools/tla-for-flink.md","66.75"
"Struct/07-tools/trillium-aneris-distributed-verification.md","10.31"
"Struct/08-standards/streaming-sql-standard.md","14.42"
"Struct/ACADEMIC-GAP-ANALYSIS.md","19.41"
"Struct/Key-Theorem-Proof-Chains.md","21.05"
"Struct/Model-Selection-Decision-Tree.md","27.36"
"Struct/Proof-Chains-Actor-Model.md","31.31"
"Struct/Proof-Chains-Checkpoint-Correctness.md","19.59"
"Struct/Proof-Chains-Consistency-Hierarchy.md","29.37"
"Struct/Proof-Chains-Cross-Model-Encoding.md","19.67"
"Struct/Proof-Chains-Dataflow-Foundation.md","32.97"
"Struct/Proof-Chains-Exactly-Once-Correctness.md","17.29"
"Struct/Proof-Chains-Flink-Complete.md","74.1"
"Struct/Proof-Chains-Flink-Implementation.md","19.1"
"Struct/Proof-Chains-Foundation-Complete.md","28.8"
"Struct/PROOF-CHAINS-INDEX.md","26.91"
"Struct/Proof-Chains-Master-Graph.md","16.96"
"Struct/Proof-Chains-Process-Calculus-Foundation.md","28.56"
"Struct/Proof-Chains-Proofs-Remaining.md","39.11"
"Struct/Proof-Chains-Properties-Complete.md","35.4"
"Struct/Proof-Chains-Relationships-Complete.md","34.57"
"Struct/PROOF-GRAPH-COMPLETE.md","67.39"
"Struct/STRUCT-COMPLETENESS-REPORT.md","7.34"
"Struct/Struct-to-Knowledge-Mapping.md","27.12"
"Struct/Unified-Model-Relationship-Graph.md","19.99"
